"date","gmv","quantity","total_male","total_female","total_unknown","total_order"
2024-06-12,46898.00,267,9,18,1,28
2024-06-11,213466.00,1410,26,99,7,132
2024-06-10,171892.00,1072,18,80,15,113
2024-06-09,173227.00,945,24,82,9,115
2024-06-08,177293.00,1128,26,83,15,124
2024-06-07,234146.00,1188,34,92,11,137
2024-06-06,245896.00,1586,34,106,10,150
2024-06-05,184519.00,1006,27,84,7,118
2024-06-04,187231.00,985,24,90,22,136
2024-06-03,198417.00,1134,25,87,13,124
2024-06-02,218630.00,1507,27,117,14,158
2024-06-01,213371.00,1311,32,99,11,142
2024-05-31,269386.00,1623,36,112,9,157
2024-05-30,218442.00,1196,33,87,15,134
2024-05-29,231451.00,1285,23,105,9,137
2024-05-28,220559.00,1330,33,117,12,160
2024-05-27,137408.00,830,21,64,13,98
2024-05-26,210196.00,1142,25,86,7,118
2024-05-25,193523.00,1095,24,99,9,131
2024-05-24,202647.00,1047,22,87,7,116
2024-05-23,210147.00,1202,29,95,8,132
2024-05-22,209745.00,1059,31,88,12,131
2024-05-21,161588.00,856,24,78,11,113
2024-05-20,245427.00,1339,29,115,14,157
2024-05-19,186296.00,1101,21,91,12,124
2024-05-18,183454.00,952,26,92,12,130
2024-05-17,195143.00,999,22,91,13,126
2024-05-16,156242.00,856,26,75,11,112
2024-05-15,149964.00,769,24,86,6,116
2024-05-14,204711.00,1203,25,93,10,128
2024-05-13,189185.00,1163,29,92,8,129
2024-05-12,161476.00,969,15,89,10,114
2024-05-11,184315.00,1197,30,97,9,136
2024-05-10,173471.00,1318,27,83,13,123
2024-05-09,210682.00,1220,30,105,10,145
2024-05-08,243763.00,1166,36,111,7,154
2024-05-07,215614.00,1225,29,116,10,155
2024-05-06,207783.00,1268,30,89,14,133
2024-05-05,255727.00,1655,45,132,10,187
2024-05-04,210459.00,1194,34,93,12,139
2024-05-03,229665.00,1461,26,103,13,142
2024-05-02,251164.00,1370,45,122,16,183
2024-05-01,179707.00,1081,27,91,10,127
2024-04-30,208538.00,1172,29,99,9,137
2024-04-29,167600.00,1064,24,87,15,126
2024-04-28,176342.00,1170,30,100,7,137
2024-04-27,154124.00,1080,19,81,15,115
2024-04-26,206502.00,1284,28,101,15,144
2024-04-25,243654.00,1480,35,132,8,175
2024-04-24,200178.00,1218,28,114,6,148
2024-04-23,184766.00,1129,29,90,10,129
2024-04-22,207704.00,1243,24,94,12,130
2024-04-21,174193.00,986,29,81,8,118
2024-04-20,170299.00,969,28,80,11,119
2024-04-19,208644.00,1258,38,86,19,143
2024-04-18,220731.00,1364,33,106,6,145
2024-04-17,197107.00,1327,32,98,8,138
2024-04-16,127776.00,724,22,54,8,84
2024-04-15,85742.00,381,20,27,2,49
2024-04-14,31990.00,170,8,14,2,24
2024-04-13,44265.00,137,3,24,0,27
2024-04-12,153676.00,695,11,61,8,80
2024-04-11,215472.00,1161,29,103,12,144
2024-04-10,250552.00,1367,34,125,9,168
2024-04-09,155989.00,789,25,82,7,114
2024-04-08,209181.00,1065,25,102,9,136
2024-04-07,215169.00,1118,24,109,7,140
2024-04-06,192288.00,1076,28,89,8,125
2024-04-05,186221.00,1055,31,82,3,116
2024-04-04,358149.00,2145,45,158,19,222
2024-04-03,175880.00,1131,28,106,9,143
2024-04-02,238899.00,1349,34,119,11,163
2024-04-01,238848.00,1250,31,100,8,139
2024-03-31,181794.00,1187,31,87,10,128
2024-03-30,196432.00,1430,30,101,10,141
2024-03-29,217412.00,1602,36,96,10,142
2024-03-28,216498.00,1297,32,101,17,150
2024-03-27,238446.00,1553,47,99,11,157
2024-03-26,224946.00,1299,38,103,6,147
2024-03-25,249109.00,1397,42,109,12,163
2024-03-24,159438.00,912,18,90,7,115
2024-03-23,177487.00,1121,27,95,8,130
2024-03-22,177027.00,895,34,72,7,113
2024-03-21,247546.00,1232,37,117,9,161
2024-03-20,244703.00,1486,34,130,9,173
2024-03-19,242694.00,1453,49,119,7,175
2024-03-18,188533.00,1089,33,108,7,148
2024-03-17,191932.00,1062,38,90,8,136
2024-03-16,185467.00,1123,37,101,13,150
2024-03-15,243347.00,1856,48,128,9,185
2024-03-14,236811.00,1292,40,115,5,160
2024-03-13,213319.00,1307,22,125,15,162
2024-03-12,269006.00,1564,50,132,14,196
2024-03-11,233259.00,1460,45,132,12,189
2024-03-10,206634.00,1161,27,132,12,171
2024-03-09,205185.00,1228,33,107,14,153
2024-03-08,259037.00,1500,40,136,17,191
2024-03-07,269176.00,1813,59,140,12,210
2024-03-06,270466.00,1688,45,148,13,206
2024-03-05,202472.00,1306,32,109,10,151
2024-03-04,223678.00,1161,42,132,10,183
2024-03-03,525407.00,3360,89,349,37,475
2024-03-02,248429.00,1421,40,129,14,183
2024-03-01,264266.00,1673,46,124,9,174
2024-02-29,244212.00,1490,35,122,14,171
2024-02-28,328951.00,1843,47,196,11,254
2024-02-27,340068.00,1942,59,197,20,276
2024-02-26,303688.00,1916,78,196,14,288
2024-02-25,348241.00,2004,53,246,22,321
2024-02-24,279504.00,1940,59,190,13,262
2024-02-23,391904.00,2423,83,274,28,384
2024-02-22,431179.00,2412,67,358,28,452
2024-02-21,368224.00,2232,73,241,20,334
2024-02-20,350458.00,2093,55,236,26,317
2024-02-19,361169.00,2257,69,243,21,333
2024-02-18,290666.00,1920,67,214,11,292
2024-02-17,292831.00,1729,80,200,24,304
2024-02-16,301443.00,2008,76,202,28,306
2024-02-15,466315.00,2701,98,297,25,420
2024-02-14,327223.00,2225,84,238,15,336
2024-02-13,342233.00,1875,70,247,24,341
2024-02-12,324405.00,1759,65,225,30,320
2024-02-11,232427.00,1308,62,170,13,245
2024-02-10,205296.00,1146,50,149,8,207
2024-02-09,170481.00,850,33,127,11,171
2024-02-08,174244.00,849,40,118,12,170
2024-02-07,601441.00,2961,80,357,29,466
2024-02-06,1818498.00,8653,214,868,77,1156
2024-02-05,1567650.00,7018,155,707,54,916
2024-02-04,986136.00,4294,121,513,52,684
2024-02-03,654623.00,3099,98,387,30,515
2024-02-02,848280.00,4314,127,478,53,658
2024-02-01,565438.00,3030,108,374,29,511
2024-01-31,530170.00,2960,93,339,23,455
2024-01-30,414573.00,2383,79,236,23,338
2024-01-29,409614.00,2529,57,259,24,340
2024-01-28,340448.00,1992,65,211,17,293
2024-01-27,326466.00,1868,69,210,22,299
2024-01-26,346075.00,1917,50,217,28,292
2024-01-25,528933.00,3243,98,316,33,446
2024-01-24,334370.00,1762,58,214,20,291
2024-01-23,343435.00,2057,69,228,16,313
2024-01-22,358280.00,1881,55,218,15,288
2024-01-21,338925.00,2039,60,232,17,308
2024-01-20,323621.00,1914,68,208,15,290
2024-01-19,325739.00,2006,58,205,24,285
2024-01-18,395233.00,2152,68,219,25,311
2024-01-17,371204.00,2029,61,233,15,308
2024-01-16,340463.00,1968,67,221,15,303
2024-01-15,585196.00,2892,91,315,34,440
2024-01-14,301472.00,1697,61,169,14,242
2024-01-13,311048.00,1592,54,195,15,263
2024-01-12,393915.00,2243,64,227,21,312
2024-01-11,371525.00,2185,49,240,21,310
2024-01-10,442214.00,2564,69,255,26,350
2024-01-09,303106.00,1718,54,180,15,249
2024-01-08,326716.00,1776,54,216,13,284
2024-01-07,347728.00,2144,58,211,18,286
2024-01-06,344334.00,2154,60,202,20,281
2024-01-05,337444.00,2133,57,203,17,277
2024-01-04,482994.00,2722,72,267,22,361
2024-01-03,454299.00,2469,59,266,25,350
2024-01-02,425475.00,2440,56,233,18,307
2024-01-01,248995.00,1226,50,129,17,196
2023-12-31,61925.00,307,10,41,4,55
2023-12-30,120196.00,481,17,75,8,100
2023-12-29,216242.00,878,36,123,10,169
2023-12-28,364309.00,1787,64,220,13,296
2023-12-27,586451.00,2605,76,294,24,395
2023-12-26,541936.00,2502,79,303,23,404
2023-12-25,793854.00,3775,80,394,41,515
2023-12-24,538667.00,2320,54,240,29,325
2023-12-23,450115.00,2111,51,226,29,306
2023-12-22,422729.00,1979,41,224,19,283
2023-12-21,376734.00,2082,56,218,19,292
2023-12-20,373800.00,1959,53,199,27,280
2023-12-19,341540.00,1737,46,184,16,246
2023-12-18,343093.00,1668,56,194,12,262
2023-12-17,327788.00,1594,43,183,15,239
2023-12-16,329759.00,1623,39,179,18,236
2023-12-15,373124.00,2314,65,223,28,316
2023-12-14,374626.00,2367,52,221,28,301
2023-12-13,342538.00,2457,53,228,26,307
2023-12-12,886004.00,6055,110,484,49,642
2023-12-11,248041.00,1770,40,140,17,197
2023-12-10,267626.00,1692,46,134,13,193
2023-12-09,237601.00,1540,29,142,15,185
2023-12-08,210788.00,1176,36,123,13,172
2023-12-07,225746.00,1452,37,127,19,182
2023-12-06,253937.00,1414,37,151,21,209
2023-12-05,241532.00,1600,42,163,10,215
2023-12-04,250612.00,1699,42,144,16,202
2023-12-03,209915.00,1295,29,128,9,166
2023-12-02,248678.00,1583,35,134,16,185
2023-12-01,258592.00,1674,36,133,12,181
2023-11-30,289933.00,1730,40,142,13,195
2023-11-29,203620.00,1223,31,121,13,164
2023-11-28,265843.00,1699,35,157,18,210
2023-11-27,223395.00,1484,36,124,13,173
2023-11-26,218033.00,1579,34,122,12,168
2023-11-25,319639.00,2032,37,170,21,228
2023-11-24,254657.00,1726,32,136,14,182
2023-11-23,204113.00,1403,26,138,21,185
2023-11-22,174984.00,1045,33,97,9,139
2023-11-21,246211.00,1691,39,152,8,200
2023-11-20,266394.00,1949,33,166,16,215
2023-11-19,164689.00,1118,28,107,7,142
2023-11-18,220610.00,1691,30,121,10,161
2023-11-17,247025.00,1727,46,166,17,227
2023-11-16,247401.00,1948,39,179,18,236
2023-11-15,209909.00,1520,39,157,16,212
2023-11-14,253373.00,1789,40,166,20,225
2023-11-13,408313.00,3534,84,346,36,465
2023-11-12,492586.00,4134,103,353,29,485
2023-11-11,840466.00,7518,186,739,80,1005
2023-11-10,442208.00,4238,83,337,44,463
2023-11-09,262767.00,1928,31,134,15,179
2023-11-08,169035.00,1271,15,93,6,113
2023-11-07,169406.00,1237,16,105,12,133
2023-11-06,180773.00,1461,22,99,7,128
2023-11-05,219805.00,1679,31,119,9,159
2023-11-04,176862.00,1328,14,109,9,132
2023-11-03,205858.00,1317,24,104,8,136
2023-11-02,186908.00,1373,29,105,13,146
2023-11-01,209125.00,1444,32,104,7,143
2023-10-31,204767.00,1654,28,112,5,145
2023-10-30,224710.00,1819,25,115,13,153
2023-10-29,161071.00,1152,26,93,4,123
2023-10-28,200655.00,1486,23,95,7,125
2023-10-27,193008.00,1563,25,98,7,130
2023-10-26,233605.00,1576,34,135,12,179
2023-10-25,419048.00,3104,51,220,24,293
2023-10-24,167842.00,1092,21,89,15,125
2023-10-23,153579.00,987,25,87,6,117
2023-10-22,156536.00,1175,19,91,8,118
2023-10-21,145387.00,950,32,76,7,115
2023-10-20,271652.00,1671,47,155,11,212
2023-10-19,239003.00,1365,29,140,13,182
2023-10-18,220715.00,1333,36,125,11,172
2023-10-17,195531.00,1218,32,108,14,153
2023-10-16,199302.00,1497,32,115,11,158
2023-10-15,241568.00,1520,35,141,10,186
2023-10-14,146848.00,945,16,99,16,130
2023-10-13,368187.00,2721,93,442,37,570
2023-10-12,274767.00,2344,61,238,28,325
2023-10-11,397109.00,3041,72,338,28,438
2023-10-10,698560.00,5772,111,668,64,841
2023-10-09,188237.00,1303,27,93,8,128
2023-10-08,117032.00,873,16,74,3,93
2023-10-07,137223.00,1134,18,78,5,101
2023-10-06,195250.00,1234,24,95,14,133
2023-10-05,138482.00,1014,17,76,3,96
2023-10-04,167240.00,1119,18,90,12,120
2023-10-03,151053.00,1017,12,91,9,112
2023-10-02,188651.00,1302,17,109,10,136
2023-10-01,152774.00,1134,19,86,12,117
2023-09-30,182558.00,1713,26,107,9,142
2023-09-29,190644.00,1287,27,100,8,135
2023-09-28,164696.00,1143,20,95,13,128
2023-09-27,157859.00,1138,19,91,14,124
2023-09-26,216340.00,1360,22,126,10,158
2023-09-25,363932.00,2437,45,184,16,245
2023-09-24,161592.00,1260,19,82,8,109
2023-09-23,121119.00,894,15,58,12,85
2023-09-22,155777.00,1002,18,88,6,112
2023-09-21,171083.00,1199,15,105,7,127
2023-09-20,155267.00,1090,23,88,5,116
2023-09-19,156899.00,992,18,91,11,119
2023-09-18,143200.00,1029,18,86,8,112
2023-09-17,153434.00,1050,16,82,13,111
2023-09-16,125259.00,1018,22,76,3,101
2023-09-15,153599.00,1287,23,84,16,123
2023-09-14,168171.00,1227,18,98,12,128
2023-09-13,121186.00,681,13,74,6,93
2023-09-12,170200.00,1351,11,99,6,116
2023-09-11,164392.00,1035,11,105,8,124
2023-09-10,383572.00,3335,79,359,24,461
2023-09-09,586269.00,4480,108,452,39,598
2023-09-08,431783.00,3530,44,383,25,452
2023-09-07,152426.00,1020,16,73,7,96
2023-09-06,141692.00,990,8,78,8,94
2023-09-05,131862.00,853,17,68,5,90
2023-09-04,132842.00,837,17,73,4,94
2023-09-03,129154.00,927,11,77,2,90
2023-09-02,154057.00,967,27,85,10,122
2023-09-01,147344.00,955,25,85,5,115
2023-08-31,184329.00,1111,18,105,4,127
2023-08-30,112664.00,730,13,63,4,80
2023-08-29,150282.00,810,15,74,8,97
2023-08-28,285237.00,1652,22,140,13,175
2023-08-27,247671.00,1530,17,114,11,142
2023-08-26,223032.00,1198,14,105,9,128
2023-08-25,143338.00,860,16,69,6,91
2023-08-24,128830.00,725,12,68,2,82
2023-08-23,127066.00,555,9,72,5,86
2023-08-22,120879.00,666,14,67,3,84
2023-08-21,139650.00,843,10,82,8,100
2023-08-20,104227.00,731,9,57,7,73
2023-08-19,106921.00,703,13,58,10,81
2023-08-18,113546.00,842,13,66,4,83
2023-08-17,96472.00,599,9,55,8,72
2023-08-16,142088.00,797,15,70,4,89
2023-08-15,107476.00,628,9,72,3,84
2023-08-14,121769.00,729,12,69,5,86
2023-08-13,99965.00,849,7,64,7,78
2023-08-12,131318.00,625,16,63,5,83
2023-08-11,111105.00,598,12,66,3,81
2023-08-10,358858.00,2279,107,351,24,482
2023-08-09,349107.00,1681,61,270,25,356
2023-08-08,281498.00,1913,39,205,22,266
2023-08-07,82290.00,707,5,55,4,64
2023-08-06,122240.00,819,11,69,5,84
2023-08-05,76077.00,487,16,46,3,64
2023-08-04,111238.00,686,10,60,10,80
2023-08-03,95356.00,689,11,63,6,80
2023-08-02,90897.00,635,14,59,3,76
2023-08-01,78523.00,532,11,52,9,72
2023-07-31,113800.00,829,6,63,8,77
2023-07-30,84211.00,619,14,44,4,62
2023-07-29,60123.00,413,7,36,5,48
2023-07-28,84414.00,567,12,42,6,60
2023-07-27,87247.00,630,6,46,6,58
2023-07-26,103884.00,610,14,58,6,78
2023-07-25,66747.00,415,8,38,4,50
2023-07-24,99732.00,573,8,54,8,70
2023-07-23,95474.00,646,13,55,8,76
2023-07-22,119312.00,669,23,57,6,86
2023-07-21,91124.00,581,12,53,2,67
2023-07-20,97807.00,721,12,67,7,86
2023-07-19,112033.00,761,14,68,4,86
2023-07-18,115602.00,787,17,68,5,90
2023-07-17,117556.00,720,11,73,7,91
2023-07-16,95529.00,639,14,56,5,75
2023-07-15,105659.00,592,11,63,4,78
2023-07-14,104573.00,711,15,58,5,78
2023-07-13,89673.00,487,11,59,4,74
2023-07-12,94498.00,561,10,58,2,70
2023-07-11,90028.00,619,11,59,3,73
2023-07-10,98077.00,566,7,59,3,69
2023-07-09,149837.00,1054,21,96,9,126
2023-07-08,177693.00,981,31,112,8,150
2023-07-07,286892.00,1878,41,180,17,238
2023-07-06,120934.00,909,18,82,8,108
2023-07-05,106595.00,707,13,57,1,71
2023-07-04,81317.00,515,10,46,3,59
2023-07-03,71321.00,619,12,44,6,62
2023-07-02,81313.00,504,11,44,3,58
2023-07-01,71679.00,507,9,41,0,50
2023-06-30,90760.00,654,13,41,8,62
2023-06-29,73752.00,451,9,40,8,57
2023-06-28,43728.00,299,5,23,4,32
2023-06-27,83332.00,623,11,52,0,63
2023-06-26,92997.00,705,11,54,6,71
2023-06-25,67371.00,496,12,41,2,55
2023-06-24,67422.00,400,10,34,5,49
2023-06-23,68384.00,492,7,37,2,46
2023-06-22,89414.00,603,17,51,4,72
2023-06-21,72585.00,431,14,37,2,53
2023-06-20,62547.00,344,6,39,2,47
2023-06-19,97759.00,615,11,56,5,72
2023-06-18,81133.00,486,8,35,10,53
2023-06-17,83285.00,512,10,49,8,67
2023-06-16,94192.00,570,16,54,8,78
2023-06-15,92576.00,549,16,56,6,78
2023-06-14,72342.00,372,17,41,3,61
2023-06-13,95797.00,552,8,61,7,76
2023-06-12,80470.00,496,7,52,5,64
2023-06-11,73313.00,495,13,39,6,58
2023-06-10,60697.00,397,9,39,4,52
2023-06-09,75130.00,615,11,38,5,54
2023-06-08,134011.00,807,23,82,7,112
2023-06-07,110417.00,646,13,65,6,84
2023-06-06,200787.00,1384,26,125,14,163
2023-06-05,94804.00,562,16,43,6,65
2023-06-04,43870.00,354,9,28,1,38
2023-06-03,37064.00,218,7,26,1,34
2023-06-02,58088.00,388,9,26,3,38
2023-06-01,57624.00,402,9,36,6,51
2023-05-31,123991.00,1012,21,70,22,113
2023-05-30,114720.00,831,20,81,2,103
2023-05-29,105108.00,959,10,73,11,93
2023-05-28,101547.00,806,17,83,5,105
2023-05-27,87685.00,844,20,58,3,80
2023-05-26,119202.00,946,21,78,8,107
2023-05-25,119563.00,1714,11,67,6,84
2023-05-24,117451.00,754,21,65,11,97
2023-05-23,95473.00,655,12,73,5,90
2023-05-22,100033.00,653,12,66,6,84
2023-05-21,71907.00,622,13,47,4,64
2023-05-20,86723.00,571,21,56,3,80
2023-05-19,85876.00,618,15,61,4,80
2023-05-18,70804.00,496,14,52,8,74
2023-05-17,63983.00,404,14,42,4,60
2023-05-16,53594.00,304,6,43,3,52
2023-05-15,56011.00,457,9,51,3,63
2023-05-14,33290.00,285,2,27,4,33
2023-05-13,51496.00,409,9,39,2,50
2023-05-12,49594.00,253,7,32,2,41
2023-05-11,42875.00,348,8,34,1,43
2023-05-10,48127.00,272,8,36,2,46
2023-05-09,57202.00,263,10,37,7,54
2023-05-08,66842.00,400,14,42,7,63
2023-05-07,48830.00,282,9,40,3,52
2023-05-06,43861.00,203,13,31,3,47
2023-05-05,251708.00,2418,44,230,25,298
2023-05-04,72825.00,549,20,52,13,85
2023-05-03,45897.00,379,13,33,9,55
2023-05-02,56682.00,352,7,53,1,61
2023-05-01,69566.00,332,8,46,4,57
2023-04-30,50360.00,383,17,36,5,58
2023-04-29,30870.00,233,4,27,1,32
2023-04-28,52278.00,310,9,28,9,46
2023-04-27,54216.00,324,9,39,3,51
2023-04-26,59146.00,372,7,45,9,61
2023-04-25,56428.00,447,13,38,3,54
2023-04-24,58293.00,376,5,39,5,49
2023-04-23,44648.00,262,8,34,1,42
2023-04-22,55694.00,546,8,42,4,54
2023-04-21,37689.00,395,5,33,5,43
2023-04-20,64368.00,333,9,46,7,62
2023-04-19,66115.00,403,9,43,10,62
2023-04-18,102311.00,528,13,76,7,96
2023-04-17,63540.00,253,12,37,9,57
2023-04-16,13625.00,55,2,10,4,16
2023-04-15,13138.00,62,1,11,4,16
2023-04-14,11022.00,15,2,6,3,11
2023-04-13,14303.00,46,3,8,1,12
2023-04-12,9831.00,27,0,8,4,12
2023-04-11,39190.00,310,4,26,6,36
2023-04-10,88785.00,367,14,43,8,65
2023-04-09,66649.00,253,11,49,4,64
2023-04-08,98257.00,386,15,58,10,83
2023-04-07,55644.00,307,6,39,7,52
2023-04-06,84295.00,405,8,46,15,69
2023-04-05,82344.00,346,9,54,4,67
2023-04-04,240898.00,2022,39,216,14,268
2023-04-03,85505.00,388,16,60,7,83
2023-04-02,39413.00,233,9,29,4,42
2023-04-01,51909.00,225,12,37,1,50
2023-03-31,116761.00,648,11,73,13,97
2023-03-30,84635.00,523,9,70,15,94
2023-03-29,109867.00,627,15,71,12,98
2023-03-28,106752.00,618,8,72,11,91
2023-03-27,87520.00,380,10,64,7,81
2023-03-26,74128.00,527,14,58,2,74
2023-03-25,69644.00,452,9,50,5,64
2023-03-24,85887.00,532,8,70,8,86
2023-03-23,114967.00,808,21,77,10,108
2023-03-22,136960.00,578,14,88,7,108
2023-03-21,132112.00,759,21,94,8,121
2023-03-20,139440.00,612,18,107,12,137
2023-03-19,92955.00,442,14,74,12,99
2023-03-18,73557.00,476,13,60,6,79
2023-03-17,99385.00,623,11,80,8,99
2023-03-16,86769.00,521,14,69,4,87
2023-03-15,128617.00,610,16,92,8,115
2023-03-14,74303.00,379,10,47,4,61
2023-03-13,70106.00,290,7,49,6,61
2023-03-12,55290.00,272,8,30,5,43
2023-03-11,71992.00,355,12,47,3,62
2023-03-10,88286.00,350,11,54,4,69
2023-03-09,89558.00,353,8,60,3,71
2023-03-08,100474.00,393,6,52,3,61
2023-03-07,112622.00,371,16,62,6,84
2023-03-06,135975.00,377,10,70,8,88
2023-03-05,40279.00,333,10,28,3,41
2023-03-04,47303.00,224,8,41,0,49
2023-03-03,364731.00,3327,70,411,33,507
2023-03-02,73485.00,266,4,38,5,47
2023-03-01,67879.00,296,10,43,3,56
2023-02-28,132913.00,1233,16,120,8,143
2023-02-27,110026.00,658,20,85,8,113
2023-02-26,94252.00,687,21,87,9,117
2023-02-25,104251.00,810,24,106,3,132
2023-02-24,49124.00,225,13,39,4,56
2023-02-23,104231.00,462,18,81,6,105
2023-02-22,128517.00,558,22,84,10,115
2023-02-21,109674.00,702,9,54,6,69
2023-02-20,49122.00,269,4,34,2,40
2023-02-19,26216.00,131,1,17,2,20
2023-02-18,43031.00,141,3,26,2,31
2023-02-17,75646.00,400,5,43,3,51
2023-02-16,89421.00,543,13,68,9,89
2023-02-15,57093.00,307,2,39,3,43
2023-02-14,127116.00,673,18,101,7,126
2023-02-13,106688.00,515,5,93,4,101
2023-02-12,168813.00,719,17,115,11,142
2023-02-11,55385.00,364,8,32,6,46
2023-02-10,56801.00,243,4,32,2,38
2023-02-09,70365.00,409,12,40,2,53
2023-02-08,54385.00,236,6,25,7,38
2023-02-07,84726.00,379,4,55,4,63
2023-02-06,114116.00,430,8,55,6,69
2023-02-05,62904.00,216,8,29,5,42
2023-02-04,72656.00,278,9,27,8,44
2023-02-03,50645.00,190,4,31,6,41
2023-02-02,474293.00,3708,83,490,45,609
2023-02-01,73223.00,326,7,39,3,49
2023-01-31,110346.00,690,11,70,3,84
2023-01-30,67408.00,265,5,35,2,41
2023-01-29,56795.00,207,2,31,4,37
2023-01-28,79482.00,340,11,54,1,66
2023-01-27,58705.00,387,3,29,7,39
2023-01-26,48960.00,183,8,28,1,37
2023-01-25,87754.00,369,7,51,6,64
2023-01-24,63099.00,149,6,33,3,42
2023-01-23,36876.00,122,4,26,0,30
2023-01-22,10931.00,90,0,12,0,12
2023-01-21,11231.00,128,2,7,1,10
2023-01-20,31235.00,239,5,18,5,28
2023-01-19,172133.00,759,12,116,15,142
2023-01-18,374339.00,1477,40,189,17,244
2023-01-17,417732.00,1618,43,238,20,298
2023-01-16,331492.00,1214,35,180,24,239
2023-01-15,110673.00,349,8,51,4,63
2023-01-14,88059.00,218,9,40,4,53
2023-01-13,142623.00,514,5,41,9,55
2023-01-12,116141.00,414,9,57,3,68
2023-01-11,109679.00,415,14,49,8,71
2023-01-10,142334.00,508,9,59,9,77
2023-01-09,79248.00,251,2,35,4,41
2023-01-08,66884.00,303,7,39,3,49
2023-01-07,81232.00,327,7,41,4,52
2023-01-06,111192.00,616,8,65,5,75
2023-01-05,95443.00,356,10,50,7,67
2023-01-04,128362.00,408,9,54,10,73
2023-01-03,118732.00,446,13,72,4,89
2023-01-02,44196.00,121,3,29,0,32
2023-01-01,22043.00,57,2,13,0,15
2022-12-31,9782.00,27,1,7,0,8
2022-12-30,12954.00,28,2,7,0,9
2022-12-29,59291.00,185,9,35,3,47
2022-12-28,204153.00,566,16,96,9,121
2022-12-27,196312.00,629,13,118,9,140
2022-12-26,272696.00,916,27,146,13,186
2022-12-25,287268.00,1141,20,126,13,158
2022-12-24,176884.00,766,8,108,3,119
2022-12-23,159831.00,535,16,74,5,95
2022-12-22,203666.00,628,16,63,4,83
2022-12-21,140173.00,541,13,71,5,89
2022-12-20,166978.00,655,19,79,7,105
2022-12-19,93761.00,351,6,54,2,62
2022-12-18,174525.00,601,15,73,7,94
2022-12-17,67733.00,249,4,43,3,50
2022-12-16,145859.00,827,32,154,13,199
2022-12-15,115220.00,268,8,46,10,64
2022-12-14,61109.00,217,9,34,3,46
2022-12-13,53565.00,200,7,34,2,41
2022-12-12,602862.00,3926,133,766,57,948
2022-12-11,62246.00,301,6,43,0,49
2022-12-10,60803.00,306,7,42,2,51
2022-12-09,105296.00,670,18,76,10,104
2022-12-08,57223.00,258,12,44,4,60
2022-12-07,61717.00,273,10,38,2,50
2022-12-06,85369.00,504,8,60,6,74
2022-12-05,53795.00,311,4,39,2,45
2022-12-04,45284.00,207,6,32,1,39
2022-12-03,63304.00,256,4,44,0,46
2022-12-02,52499.00,256,7,35,3,45
2022-12-01,82822.00,423,10,53,9,71
2022-11-30,214957.00,1152,26,155,14,193
2022-11-29,90298.00,524,12,67,2,80
2022-11-28,73721.00,321,12,47,2,61
2022-11-27,81421.00,519,12,57,4,73
2022-11-26,83687.00,386,8,51,6,64
2022-11-25,101451.00,554,7,71,8,86
2022-11-24,86538.00,421,10,79,2,91
2022-11-23,94272.00,351,6,88,5,99
2022-11-22,96243.00,374,9,80,7,95
2022-11-21,116308.00,524,20,89,7,116
2022-11-20,122803.00,507,12,109,6,127
2022-11-19,171085.00,675,24,164,8,196
2022-11-18,131563.00,439,12,131,6,148
2022-11-17,55977.00,340,3,39,6,48
2022-11-16,157106.00,1089,37,213,19,268
2022-11-15,61122.00,266,7,51,2,60
2022-11-14,63271.00,304,10,45,2,57
2022-11-13,48942.00,403,6,44,4,54
2022-11-12,58905.00,275,10,40,2,50
2022-11-11,599243.00,4126,120,710,51,868
2022-11-10,92327.00,604,15,47,8,69
2022-11-09,90145.00,436,22,76,2,99
2022-11-08,64065.00,311,10,34,3,47
2022-11-07,53747.00,324,4,37,4,45
2022-11-06,45212.00,287,5,32,2,39
2022-11-05,45492.00,298,7,25,2,34
2022-11-04,44721.00,275,4,25,2,31
2022-11-03,78379.00,379,7,56,4,65
2022-11-02,73911.00,269,10,56,4,69
2022-11-01,53957.00,175,7,39,1,47
2022-10-31,95499.00,450,15,65,6,86
2022-10-30,56277.00,221,7,42,4,52
2022-10-29,66218.00,286,11,46,2,58
2022-10-28,67688.00,252,8,43,4,54
2022-10-27,52719.00,256,7,40,1,48
2022-10-26,75392.00,326,11,54,1,65
2022-10-25,64595.00,204,5,34,3,42
2022-10-24,76497.00,391,8,40,4,51
2022-10-23,45314.00,183,4,30,4,38
2022-10-22,41098.00,271,7,29,0,36
2022-10-21,50016.00,190,2,31,4,36
2022-10-20,47059.00,183,6,29,1,36
2022-10-19,64134.00,207,6,38,4,48
2022-10-18,59814.00,156,6,44,3,52
2022-10-17,52500.00,191,3,42,2,46
2022-10-16,39992.00,184,7,25,2,32
2022-10-15,39226.00,211,4,31,1,36
2022-10-14,41809.00,158,5,34,1,40
2022-10-13,59699.00,175,5,46,3,54
2022-10-12,58532.00,238,7,50,1,57
2022-10-11,86989.00,315,10,70,8,88
2022-10-10,635117.00,2579,108,716,51,870
2022-10-09,144311.00,439,25,121,3,149
2022-10-08,44459.00,180,4,29,0,33
2022-10-07,71949.00,314,9,40,3,51
2022-10-06,88552.00,452,4,61,2,67
2022-10-05,70225.00,344,7,49,6,62
2022-10-04,147421.00,620,12,94,7,111
2022-10-03,141405.00,538,13,87,8,108
2022-10-02,81936.00,504,9,55,3,67
2022-10-01,59531.00,280,4,38,2,44
2022-09-30,76860.00,384,3,50,5,58
2022-09-29,100105.00,352,7,66,4,77
2022-09-28,226979.00,907,14,130,12,155
2022-09-27,80145.00,269,2,45,6,53
2022-09-26,45027.00,199,4,28,1,32
2022-09-25,26004.00,95,3,14,2,19
2022-09-24,43590.00,135,4,21,4,28
2022-09-23,36700.00,174,4,19,4,27
2022-09-22,66743.00,290,5,43,1,49
2022-09-21,112397.00,530,8,70,3,81
2022-09-20,22093.00,48,4,11,0,15
2022-09-19,6352.00,35,2,4,0,6
2022-09-18,5690.00,6,1,3,0,4
2022-09-17,4315.00,10,1,2,0,3
2022-09-16,6520.00,23,1,2,0,3
2022-09-15,8080.00,26,1,3,2,6
2022-09-14,11540.00,45,1,7,0,8
2022-09-13,8264.00,37,1,6,1,8
2022-09-12,12682.00,28,1,7,0,8
2022-09-11,20935.00,64,1,14,0,15
2022-09-10,22776.00,83,1,16,0,17
2022-09-09,192344.00,1190,36,191,13,239
2022-09-08,17751.00,81,3,7,1,11
2022-09-07,7346.00,36,0,5,0,5
2022-09-06,9526.00,17,1,6,0,7
2022-09-05,5242.00,24,1,5,0,6
2022-09-04,3180.00,5,4,1,0,5
2022-09-03,8240.00,8,1,3,1,5
2022-09-02,13480.00,61,3,4,0,7
2022-09-01,8251.00,30,1,7,0,8
2022-08-31,27252.00,45,1,12,0,13
2022-08-30,2990.00,5,1,2,0,3
2022-08-29,6674.00,41,1,6,1,8
2022-08-28,3740.00,9,1,4,0,5
2022-08-27,11670.00,47,4,3,0,7
2022-08-26,2698.00,8,0,5,0,5
2022-08-25,4659.00,15,1,4,0,5
2022-08-24,2840.00,9,1,1,1,3
2022-08-23,730.00,1,0,1,0,1
2022-08-22,3012.00,11,1,2,0,3
2022-08-21,4673.00,22,2,1,0,3
2022-08-20,6460.00,10,1,3,0,4
2022-08-19,3199.00,5,3,0,0,3
2022-08-18,6980.00,7,0,2,1,3
2022-08-17,832.00,14,0,2,0,2
2022-08-16,180.00,5,1,0,0,1
2022-08-15,1630.00,2,0,1,1,2
2022-08-14,300.00,1,1,0,0,1
2022-08-13,3230.00,8,1,1,0,2
2022-08-12,3140.00,3,0,2,0,2
2022-08-11,5260.00,11,0,3,0,3
2022-08-10,8850.00,20,3,2,1,6
2022-08-09,28795.00,92,5,12,0,17
